well,date,desc
101N01,2025-07-27 20:13:00,101N01 trip
101N01,2025-07-27 21:43:00,101N01 start
101N01,2025-07-27 17:49:00,101N01 NFE
101N01,2025-07-28 05:43:00,101N01 +2.09 hz
101N01,2025-08-01 07:43:00,101N01 +2.15 hz
101N01,2025-08-08 02:19:00,101N01 +2.21 hz
101N02,2025-07-27 20:13:00,101N02 trip
101N02,2025-07-27 21:37:00,101N02 start
101N02,2025-07-28 13:07:00,101N02 +2.05 hz
101N02,2025-07-28 13:19:00,101N02 +2.16 hz
101N02,2025-08-05 04:49:00,101N02 trip
101N02,2025-08-05 09:49:00,101N02 start
101N03,2025-07-27 17:01:00,101N03 NFE
101N03,2025-07-28 13:37:00,101N03 +5.69 hz
101N03,2025-08-07 23:25:00,101N03 +2.02 hz
101N04,2025-07-27 20:13:00,101N04 trip
101N04,2025-07-27 22:13:00,101N04 start
101N06,2025-07-27 20:13:00,101N06 trip
101N06,2025-07-27 22:19:00,101N06 start
101N06,2025-07-29 07:13:00,101N06 +2.24 hz
101N06,2025-08-08 00:37:00,101N06 +2.05 hz
101N07,2025-07-27 11:55:00,101N07 trip
101N07,2025-07-27 20:01:00,101N07 start
101N07,2025-07-27 20:13:00,101N07 trip
101N07,2025-07-27 21:49:00,101N07 start
101N07,2025-07-27 23:37:00,101N07 trip
101N07,2025-07-28 09:07:00,101N07 start
101N07,2025-07-28 14:31:00,101N07 +9.25 hz
101N07,2025-08-05 04:49:00,101N07 trip
101N07,2025-08-05 09:49:00,101N07 start
101N07,2025-08-05 11:07:00,101N07 trip
101N07,2025-08-05 12:13:00,101N07 start
101N07,2025-08-05 13:43:00,101N07 trip
101N07,2025-08-05 20:07:00,101N07 start
101N08,2025-07-27 20:13:00,101N08 trip
101N08,2025-07-27 22:01:00,101N08 start
101N08,2025-07-29 09:13:00,101N08 +8.66 hz
101N09,2025-07-27 20:07:00,101N09 trip
101N09,2025-07-27 22:19:00,101N09 start
101W05,2025-07-27 20:13:00,101W05 trip
101W05,2025-07-27 22:43:00,101W05 start
101W05,2025-07-27 18:49:00,101W05 NFE
101W05,2025-07-29 03:07:00,101W05 +2.63 hz
101W05,2025-07-29 06:19:00,101W05 +2.67 hz
101W05,2025-07-29 09:13:00,101W05 +2.33 hz
101W06,2025-07-27 20:01:00,101W06 trip
101W06,2025-07-27 20:07:00,101W06 trip
101W07,2025-07-27 20:07:00,101W07 trip
101W07,2025-07-27 22:43:00,101W07 start
101W07,2025-07-27 22:49:00,101W07 start
102N01,2025-07-28 08:01:00,102N01 NFE
102N01,2025-07-28 16:43:00,102N01 +9.86 hz
102N01,2025-07-30 09:13:00,102N01 trip
102N04,2025-07-27 08:07:00,102N04 trip
102N04,2025-07-28 09:01:00,102N04 start
102N04,2025-07-30 09:25:00,102N04 NFE
102N04,2025-07-30 15:19:00,102N04 +12.95 hz
102N04,2025-08-02 02:43:00,102N04 NFE
102N04,2025-08-02 07:31:00,102N04 +2.08 hz
102N04,2025-08-02 07:55:00,102N04 +2.02 hz
102N04,2025-08-02 10:43:00,102N04 +14.01 hz
102N04,2025-08-02 15:49:00,102N04 trip
102N04,2025-08-07 10:07:00,102N04 start
102N04,2025-08-07 22:31:00,102N04 NFE
102N04,2025-08-08 10:13:00,102N04 trip
102N04,2025-08-08 10:13:00,102N04 +11.89 hz
102N07,2025-07-29 12:37:00,102N07 NFE
102N07,2025-08-03 19:13:00,102N07 NFE
103N04,2025-08-03 22:55:00,103N04 trip
103N04,2025-08-04 08:25:00,103N04 start
103N04,2025-08-09 10:07:00,103N04 +2.04 hz
103N04,2025-08-09 10:43:00,103N04 +3.1 hz
103N04,2025-08-09 11:55:00,103N04 trip
103W06,2025-08-06 14:19:00,103W06 NFE
103W06,2025-08-07 07:19:00,103W06 trip
103W07,2025-07-29 21:37:00,103W07 trip
103W07,2025-07-30 14:01:00,103W07 start
103W07,2025-07-30 14:07:00,103W07 start
103W07,2025-07-30 14:13:00,103W07 trip
103W07,2025-07-30 14:19:00,103W07 trip
103W07,2025-08-06 17:25:00,103W07 start
103W10,2025-07-29 18:19:00,103W10 NFE
103W10,2025-07-29 23:19:00,103W10 +13.5 hz
103W10,2025-08-06 08:01:00,103W10 NFE
104N03,2025-07-30 18:25:00,104N03 NFE
104N03,2025-08-06 17:07:00,104N03 NFE
104N03,2025-08-08 18:13:00,104N03 NFE
104N11,2025-08-01 13:37:00,104N11 NFE
104N11,2025-08-09 01:43:00,104N11 NFE
104N12,2025-07-29 08:43:00,104N12 trip
104N12,2025-08-07 02:01:00,104N12 start
104W02,2025-08-07 19:25:00,104W02 trip
104W03,2025-07-31 02:13:00,104W03 trip
104W03,2025-08-02 15:07:00,104W03 start
104W03,2025-08-02 18:13:00,104W03 NFE
104W03,2025-08-03 04:37:00,104W03 trip
104W04,2025-07-28 11:31:00,104W04 NFE
104W04,2025-08-08 00:55:00,104W04 start
104W04,2025-08-09 15:37:00,104W04 trip
109W06,2025-07-27 12:25:00,109W06 trip
109W06,2025-07-28 04:13:00,109W06 start
109W06,2025-07-30 01:07:00,109W06 NFE
109W06,2025-07-30 09:19:00,109W06 +2.0 hz
109W06,2025-08-01 08:19:00,109W06 trip
109W06,2025-08-04 09:13:00,109W06 start
109W08,2025-08-01 06:13:00,109W08 trip
109W08,2025-08-01 08:55:00,109W08 start
109W08,2025-08-01 05:01:00,109W08 NFE
109W08,2025-08-07 07:43:00,109W08 NFE
109W08,2025-08-08 08:01:00,109W08 trip
109W11,2025-07-30 09:37:00,109W11 start
131P03,2025-07-29 12:37:00,131P03 start
131P03,2025-07-29 14:07:00,131P03 +4.32 hz
131P07,2025-07-27 19:31:00,131P07 +2.12 hz
131P07,2025-07-28 05:13:00,131P07 +2.22 hz
131P07,2025-07-28 15:13:00,131P07 +2.42 hz
131P07,2025-07-29 13:31:00,131P07 +2.5 hz
131P07,2025-07-29 15:07:00,131P07 +2.22 hz
131P07,2025-07-30 02:49:00,131P07 +2.84 hz
131P07,2025-07-30 08:37:00,131P07 +2.2 hz
131P07,2025-07-30 19:25:00,131P07 +2.14 hz
131P07,2025-08-01 02:07:00,131P07 +2.04 hz
131P07,2025-08-01 23:01:00,131P07 +3.3 hz
131P07,2025-08-01 23:19:00,131P07 +4.5 hz
131P07,2025-08-01 23:31:00,131P07 +2.92 hz
131P07,2025-08-03 06:01:00,131P07 +2.46 hz
131P07,2025-08-03 10:31:00,131P07 +2.04 hz
131P07,2025-08-03 17:25:00,131P07 +2.52 hz
131P07,2025-08-04 04:43:00,131P07 +2.12 hz
131P07,2025-08-05 05:01:00,131P07 +2.06 hz
131P07,2025-08-05 17:55:00,131P07 +2.54 hz
131P07,2025-08-07 10:49:00,131P07 +2.54 hz
131P07,2025-08-07 22:43:00,131P07 +2.14 hz
131P07,2025-08-08 06:13:00,131P07 +2.56 hz
131P07,2025-08-09 09:01:00,131P07 +2.54 hz
131P07,2025-08-09 13:49:00,131P07 +2.12 hz
131P07,2025-08-09 16:25:00,131P07 +2.52 hz
131P07,2025-08-09 19:31:00,131P07 +2.82 hz
131P08,2025-08-01 04:25:00,131P08 +2.12 hz
131P08,2025-08-01 05:07:00,131P08 +2.86 hz
131P08,2025-08-02 20:31:00,131P08 +2.7 hz
105N01,2025-08-02 07:01:00,105N01 trip
105N01,2025-08-03 02:07:00,105N01 start
105N03,2025-07-28 21:19:00,105N03 trip
105N03,2025-07-28 21:25:00,105N03 start
105N03,2025-07-28 21:31:00,105N03 trip
105N03,2025-07-28 21:37:00,105N03 start
105N03,2025-07-29 20:55:00,105N03 trip
105N03,2025-07-29 21:19:00,105N03 start
105N03,2025-07-29 21:19:00,105N03 +2.01 hz
105N03,2025-07-29 21:37:00,105N03 +2.05 hz
105N03,2025-07-29 22:01:00,105N03 trip
105N03,2025-07-29 22:01:00,105N03 +5.09 hz
105N03,2025-07-29 23:19:00,105N03 start
105N03,2025-07-30 03:37:00,105N03 trip
105N03,2025-07-30 04:07:00,105N03 start
105N04,2025-08-06 06:49:00,105N04 +3.11 hz
105N04,2025-08-06 11:07:00,105N04 +3.93 hz
105N04,2025-08-07 05:01:00,105N04 +3.55 hz
105N05,2025-07-31 08:13:00,105N05 NFE
105N05,2025-08-05 04:49:00,105N05 trip
105N05,2025-08-05 10:13:00,105N05 start
105N05,2025-08-05 18:43:00,105N05 trip
105N05,2025-08-05 22:19:00,105N05 start
105N05,2025-08-05 18:25:00,105N05 NFE
105N15,2025-08-01 14:19:00,105N15 NFE
105N15,2025-08-01 22:43:00,105N15 +3.09 hz
105N16,2025-07-27 15:19:00,105N16 start
105N16,2025-07-28 15:49:00,105N16 NFE
105N16,2025-07-28 22:07:00,105N16 trip
105N16,2025-07-29 01:07:00,105N16 start
105N16,2025-07-29 11:55:00,105N16 NFE
105N16,2025-07-29 16:01:00,105N16 trip
105N16,2025-07-31 14:37:00,105N16 start
105N16,2025-08-02 12:01:00,105N16 NFE
105N16,2025-08-02 19:13:00,105N16 trip
105N16,2025-08-06 07:07:00,105N16 start
105N17,2025-07-30 11:25:00,105N17 trip
105N19,2025-08-06 05:25:00,105N19 +2.89 hz
105N19,2025-08-06 11:01:00,105N19 +2.66 hz
105N19,2025-08-07 03:49:00,105N19 +2.39 hz
105W03,2025-08-05 04:43:00,105W03 trip
105W03,2025-08-05 11:07:00,105W03 start
105W03,2025-08-05 07:13:00,105W03 NFE
105W03,2025-08-05 18:37:00,105W03 trip
105W03,2025-08-05 22:19:00,105W03 start
105W05,2025-07-28 22:01:00,105W05 NFE
105W06,2025-07-27 23:55:00,105W06 NFE
105W06,2025-08-05 22:01:00,105W06 NFE
105W07,2025-07-31 06:01:00,105W07 NFE
105W07,2025-07-31 13:31:00,105W07 trip
105W07,2025-07-31 15:01:00,105W07 +21.21 hz
105W07,2025-08-05 18:37:00,105W07 trip
105W07,2025-08-05 22:19:00,105W07 start
105W07,2025-08-05 22:25:00,105W07 NFE
105W07,2025-08-06 04:13:00,105W07 trip
105W07,2025-08-06 08:01:00,105W07 start
105W11,2025-07-30 17:31:00,105W11 NFE
105W11,2025-07-30 23:43:00,105W11 +8.05 hz
105W11,2025-08-03 21:25:00,105W11 NFE
105W11,2025-08-04 01:43:00,105W11 trip
105W11,2025-08-04 16:43:00,105W11 start
105W11,2025-08-05 00:19:00,105W11 NFE
105W11,2025-08-05 08:31:00,105W11 start
105W11,2025-08-05 09:25:00,105W11 +11.53 hz
105W11,2025-08-05 21:55:00,105W11 trip
105W11,2025-08-05 22:07:00,105W11 start
105W11,2025-08-06 00:31:00,105W11 NFE
105W11,2025-08-06 06:55:00,105W11 trip
105W11,2025-08-06 14:07:00,105W11 start
105W13,2025-08-06 10:49:00,105W13 +2.48 hz
105W13,2025-08-06 11:01:00,105W13 +2.57 hz
105W13,2025-08-07 03:43:00,105W13 +2.1 hz
105W13,2025-08-07 04:01:00,105W13 +2.19 hz
105W13,2025-08-07 04:19:00,105W13 +2.35 hz
105W13,2025-08-07 04:37:00,105W13 +2.08 hz
105W13,2025-08-07 04:55:00,105W13 +2.12 hz
105W16,2025-08-05 06:37:00,105W16 trip
105W16,2025-08-05 09:43:00,105W16 start
105W16,2025-08-06 01:43:00,105W16 trip
105W16,2025-08-06 01:55:00,105W16 start
105W16,2025-08-06 02:49:00,105W16 +12.74 hz
105W16,2025-08-06 04:25:00,105W16 NFE
105W16,2025-08-06 11:19:00,105W16 trip
105W16,2025-08-07 01:25:00,105W16 start
105W17,2025-08-05 05:43:00,105W17 trip
105W17,2025-08-05 10:07:00,105W17 start
105W17,2025-08-05 18:43:00,105W17 trip
105W17,2025-08-05 22:19:00,105W17 start
106W1,2025-08-04 01:01:00,106W1 +13.25 hz
106W1,2025-08-04 01:37:00,106W1 +16.92 hz
106W1,2025-08-04 02:55:00,106W1 +6.62 hz
106W1,2025-08-04 04:13:00,106W1 +16.85 hz
106W1,2025-08-04 04:43:00,106W1 +10.57 hz
106W11,2025-07-28 00:19:00,106W11 NFE
106W11,2025-08-04 18:13:00,106W11 NFE
106W13,2025-07-30 04:13:00,106W13 +2.03 hz
106W13,2025-07-30 18:19:00,106W13 trip
106W13,2025-07-30 22:49:00,106W13 start
106W13,2025-07-30 18:55:00,106W13 NFE
106W13,2025-07-31 23:25:00,106W13 +2.17 hz
106W13,2025-08-01 02:37:00,106W13 +2.02 hz
106W13,2025-08-01 03:49:00,106W13 +2.02 hz
106W13,2025-08-02 03:31:00,106W13 +2.59 hz
106W13,2025-08-03 21:19:00,106W13 +2.58 hz
106W13,2025-08-03 23:55:00,106W13 trip
106W13,2025-08-04 00:07:00,106W13 trip
106W13,2025-08-04 11:13:00,106W13 start
106W13,2025-08-04 19:31:00,106W13 +2.01 hz
106W13,2025-08-04 21:37:00,106W13 +2.14 hz
106W13,2025-08-04 22:55:00,106W13 +2.4 hz
106W13,2025-08-06 04:07:00,106W13 +2.11 hz
106W13,2025-08-06 12:01:00,106W13 +2.15 hz
106W13,2025-08-06 17:19:00,106W13 +2.04 hz
106W13,2025-08-06 18:31:00,106W13 +2.04 hz
106W13,2025-08-07 14:13:00,106W13 +2.63 hz
106W13,2025-08-09 07:25:00,106W13 +2.29 hz
106W13,2025-08-09 18:55:00,106W13 +2.09 hz
106W13,2025-08-10 01:19:00,106W13 +2.0 hz
106W15,2025-07-28 07:43:00,106W15 NFE
106W15,2025-07-28 14:01:00,106W15 trip
106W15,2025-07-28 20:07:00,106W15 start
106W15,2025-07-28 20:49:00,106W15 trip
106W15,2025-07-29 11:07:00,106W15 start
106W15,2025-07-29 14:13:00,106W15 trip
106W15,2025-07-30 09:07:00,106W15 start
106W15,2025-07-30 09:13:00,106W15 NFE
106W15,2025-07-30 18:31:00,106W15 trip
106W15,2025-07-30 22:55:00,106W15 start
106W15,2025-07-30 19:01:00,106W15 NFE
106W15,2025-07-31 08:13:00,106W15 trip
106W15,2025-08-02 23:01:00,106W15 start
106W15,2025-08-04 00:07:00,106W15 trip
106W15,2025-08-04 16:25:00,106W15 start
106W15,2025-08-04 18:25:00,106W15 +3.61 hz
106W15,2025-08-04 23:43:00,106W15 NFE
106W15,2025-08-05 08:55:00,106W15 trip
106W15,2025-08-08 06:49:00,106W15 start
106W15,2025-08-08 08:01:00,106W15 trip
106W15,2025-08-08 08:01:00,106W15 +2.28 hz
106W16,2025-07-27 17:49:00,106W16 +2.16 hz
106W16,2025-07-28 05:49:00,106W16 +2.1 hz
106W16,2025-07-28 17:55:00,106W16 +2.12 hz
106W16,2025-07-28 19:31:00,106W16 +2.26 hz
106W16,2025-07-30 05:07:00,106W16 +2.48 hz
106W16,2025-07-30 07:31:00,106W16 +2.14 hz
106W16,2025-07-30 15:55:00,106W16 +2.05 hz
106W16,2025-07-30 16:25:00,106W16 +2.59 hz
106W16,2025-07-31 03:25:00,106W16 +2.06 hz
106W16,2025-07-31 08:25:00,106W16 +2.0 hz
106W16,2025-07-31 13:43:00,106W16 +2.0 hz
106W16,2025-07-31 14:07:00,106W16 +2.36 hz
106W16,2025-07-31 16:13:00,106W16 +2.0 hz
106W16,2025-08-02 04:31:00,106W16 +2.34 hz
106W16,2025-08-03 15:07:00,106W16 +2.27 hz
106W16,2025-08-03 18:01:00,106W16 +2.08 hz
106W16,2025-08-03 22:07:00,106W16 +2.06 hz
106W16,2025-08-04 01:01:00,106W16 +15.19 hz
106W16,2025-08-04 01:37:00,106W16 +2.66 hz
106W16,2025-08-04 02:55:00,106W16 +8.73 hz
106W16,2025-08-04 04:13:00,106W16 +19.94 hz
106W16,2025-08-04 04:49:00,106W16 +14.54 hz
106W16,2025-08-06 23:55:00,106W16 +2.06 hz
106W16,2025-08-07 20:31:00,106W16 +2.03 hz
106W2,2025-08-04 00:07:00,106W2 trip
106W2,2025-08-04 11:19:00,106W2 start
106W2,2025-08-04 16:13:00,106W2 NFE
106W2,2025-08-05 08:07:00,106W2 trip
106W2,2025-08-05 11:37:00,106W2 start
106W3,2025-08-03 23:55:00,106W3 trip
106W3,2025-08-04 00:07:00,106W3 start
106W3,2025-08-04 00:37:00,106W3 trip
106W3,2025-08-04 12:49:00,106W3 start
106W3,2025-08-08 03:01:00,106W3 NFE
106W3,2025-08-08 08:01:00,106W3 trip
106W3,2025-08-09 17:07:00,106W3 start
106W4,2025-07-30 05:25:00,106W4 trip
106W4,2025-07-31 14:13:00,106W4 start
106W4,2025-07-31 19:55:00,106W4 trip
106W4,2025-08-02 02:01:00,106W4 start
106W4,2025-08-02 02:07:00,106W4 trip
106W4,2025-08-02 02:37:00,106W4 start
106W4,2025-08-02 04:25:00,106W4 NFE
106W4,2025-08-02 10:01:00,106W4 trip
106W4,2025-08-03 02:19:00,106W4 start
106W4,2025-08-03 09:43:00,106W4 trip
106W5,2025-08-01 19:19:00,106W5 NFE
106W5,2025-08-05 04:01:00,106W5 start
106W5,2025-08-05 08:01:00,106W5 trip
106W5,2025-08-10 00:25:00,106W5 start
106W5,2025-08-10 00:43:00,106W5 NFE
106W6,2025-08-04 01:01:00,106W6 +14.34 hz
106W6,2025-08-04 01:37:00,106W6 +2.14 hz
106W6,2025-08-04 02:55:00,106W6 +7.59 hz
106W6,2025-08-04 04:13:00,106W6 +18.07 hz
106W6,2025-08-04 04:43:00,106W6 +11.52 hz
106W6,2025-08-04 02:49:00,106W6 NFE
106W6,2025-08-04 14:37:00,106W6 +11.86 hz
106W7,2025-07-29 20:19:00,106W7 trip
106W7,2025-07-29 23:55:00,106W7 start
106W7,2025-08-04 01:01:00,106W7 +9.57 hz
106W7,2025-08-04 01:37:00,106W7 +14.1 hz
106W7,2025-08-03 22:37:00,106W7 NFE
106W7,2025-08-04 02:55:00,106W7 +2.46 hz
106W7,2025-08-04 04:13:00,106W7 +13.99 hz
106W7,2025-08-04 04:43:00,106W7 +6.16 hz
106W8,2025-07-27 08:49:00,106W8 NFE
106W8,2025-07-29 07:49:00,106W8 NFE
106W8,2025-07-31 10:31:00,106W8 NFE
106W8,2025-08-02 09:37:00,106W8 NFE
106W8,2025-08-03 23:55:00,106W8 trip
106W8,2025-08-04 00:07:00,106W8 start
106W8,2025-08-04 00:43:00,106W8 start
106W8,2025-08-04 01:01:00,106W8 +21.41 hz
106W8,2025-08-04 01:37:00,106W8 +12.39 hz
106W8,2025-08-04 02:13:00,106W8 start
106W8,2025-08-04 02:43:00,106W8 trip
106W8,2025-08-04 11:19:00,106W8 start
106W8,2025-08-05 00:13:00,106W8 NFE
106W8,2025-08-07 03:31:00,106W8 NFE
106W8,2025-08-09 01:07:00,106W8 NFE
106W9,2025-07-27 06:43:00,106W9 NFE
106W9,2025-07-29 09:43:00,106W9 NFE
106W9,2025-07-31 11:25:00,106W9 NFE
106W9,2025-08-01 22:31:00,106W9 trip
106W9,2025-08-01 23:43:00,106W9 trip
106W9,2025-08-03 09:49:00,106W9 start
106W9,2025-08-03 10:07:00,106W9 NFE
106W9,2025-08-03 23:55:00,106W9 trip
106W9,2025-08-04 00:07:00,106W9 start
106W9,2025-08-04 00:43:00,106W9 start
106W9,2025-08-04 01:37:00,106W9 +14.25 hz
106W9,2025-08-03 21:49:00,106W9 NFE
106W9,2025-08-04 01:55:00,106W9 trip
106W9,2025-08-04 02:13:00,106W9 start
106W9,2025-08-04 02:31:00,106W9 trip
106W9,2025-08-04 02:49:00,106W9 start
106W9,2025-08-04 03:01:00,106W9 trip
106W9,2025-08-04 03:01:00,106W9 +20.14 hz
106W9,2025-08-04 03:19:00,106W9 start
106W9,2025-08-04 03:31:00,106W9 trip
106W9,2025-08-04 03:49:00,106W9 start
106W9,2025-08-04 00:49:00,106W9 NFE
106W9,2025-08-04 00:49:00,106W9 +24.36 hz
106W9,2025-08-05 22:37:00,106W9 trip
7WP05,2025-08-05 06:43:00,7WP05 trip
7WP05,2025-08-05 10:31:00,7WP05 start
7WP05,2025-08-08 10:31:00,7WP05 NFE
7WP05,2025-08-08 17:49:00,7WP05 trip
7WP05,2025-08-08 19:07:00,7WP05 start
7WP05,2025-08-09 19:31:00,7WP05 trip
7WP06,2025-08-09 15:55:00,7WP06 NFE
7WP07,2025-07-27 12:25:00,7WP07 start
7WP07,2025-07-29 03:43:00,7WP07 NFE
7WP07,2025-07-30 09:13:00,7WP07 +7.01 hz
7WP08,2025-08-09 22:49:00,7WP08 trip
7WP08,2025-08-09 23:07:00,7WP08 start
7WP08,2025-08-09 23:13:00,7WP08 trip
7WP09,2025-08-01 08:49:00,7WP09 +2.27 hz
7WP10,2025-08-09 17:55:00,7WP10 NFE
7WP10,2025-08-10 00:13:00,7WP10 trip
7WP12,2025-07-30 10:25:00,7WP12 NFE
7WP12,2025-07-30 14:55:00,7WP12 trip
7WP12,2025-07-31 14:19:00,7WP12 start
7WP12,2025-07-31 17:43:00,7WP12 NFE
7WP12,2025-08-01 16:25:00,7WP12 +10.09 hz
7WP12,2025-08-01 20:37:00,7WP12 trip
7WP12,2025-08-01 20:37:00,7WP12 +7.06 hz
7WP12,2025-08-02 23:01:00,7WP12 start
7WP12,2025-08-03 04:49:00,7WP12 +12.12 hz
7WP12,2025-08-03 07:07:00,7WP12 trip
7WP12,2025-08-06 15:19:00,7WP12 start
7WP12,2025-08-06 19:07:00,7WP12 NFE
7WP12,2025-08-07 14:01:00,7WP12 trip
108P02,2025-07-28 17:01:00,108P02 NFE
108P04,2025-08-05 06:37:00,108P04 trip
108P04,2025-08-05 09:31:00,108P04 start
108P05,2025-07-29 10:55:00,108P05 start
108P05,2025-07-29 16:25:00,108P05 NFE
108P05,2025-07-29 20:55:00,108P05 trip
108P05,2025-08-03 11:31:00,108P05 start
108P05,2025-08-03 15:13:00,108P05 NFE
108P05,2025-08-03 20:01:00,108P05 trip
108P05,2025-08-04 11:31:00,108P05 start
108P05,2025-08-04 16:19:00,108P05 trip
108P06,2025-08-05 20:19:00,108P06 +6.89 hz
108P06,2025-08-06 04:37:00,108P06 trip
108P06,2025-08-06 04:55:00,108P06 start
108P06,2025-08-06 06:43:00,108P06 trip
108P06,2025-08-06 14:01:00,108P06 start
108P11,2025-08-06 20:19:00,108P11 NFE
108P11,2025-08-07 02:37:00,108P11 +19.37 hz
108P11,2025-08-07 14:01:00,108P11 trip
108P11,2025-08-07 20:43:00,108P11 start
108P12,2025-07-28 09:31:00,108P12 NFE
108P12,2025-07-30 14:13:00,108P12 NFE
108P12,2025-08-02 18:37:00,108P12 NFE
108P12,2025-08-05 03:31:00,108P12 NFE
108P12,2025-08-08 00:01:00,108P12 NFE
108P13,2025-08-01 06:55:00,108P13 NFE
108P13,2025-08-01 14:31:00,108P13 +12.01 hz
108P13,2025-08-06 06:19:00,108P13 NFE
108P13,2025-08-06 12:31:00,108P13 +6.47 hz
108P13,2025-08-06 15:37:00,108P13 +5.27 hz
108P13,2025-08-06 17:49:00,108P13 trip
108P13,2025-08-07 01:19:00,108P13 start
108P13,2025-08-07 09:55:00,108P13 NFE
108P13,2025-08-07 14:01:00,108P13 trip
108P13,2025-08-07 20:43:00,108P13 start
108P13,2025-08-08 04:01:00,108P13 trip
108P13,2025-08-08 07:55:00,108P13 start
108P13,2025-08-08 10:25:00,108P13 +2.09 hz
108P13,2025-08-08 14:55:00,108P13 +2.99 hz
108P13,2025-08-09 03:01:00,108P13 NFE
108P13,2025-08-09 10:55:00,108P13 trip
108P13,2025-08-09 10:55:00,108P13 +5.04 hz
108P14,2025-07-27 08:07:00,108P14 trip
108P14,2025-07-27 18:49:00,108P14 start
108P14,2025-07-29 01:01:00,108P14 NFE
108P14,2025-07-29 16:13:00,108P14 +4.28 hz
108P14,2025-07-30 07:49:00,108P14 trip
108P14,2025-07-30 07:49:00,108P14 +5.58 hz
108P14,2025-07-30 12:37:00,108P14 start
108P14,2025-07-30 13:31:00,108P14 NFE
108P14,2025-07-30 20:07:00,108P14 +12.96 hz
108P14,2025-07-30 21:25:00,108P14 +4.01 hz
108P14,2025-07-30 22:43:00,108P14 +2.97 hz
108P14,2025-07-31 00:31:00,108P14 +18.01 hz
108P14,2025-07-31 00:49:00,108P14 trip
108P14,2025-07-31 00:55:00,108P14 trip
108P14,2025-08-02 02:13:00,108P14 start
108P14,2025-08-02 06:19:00,108P14 +15.93 hz
108P14,2025-08-02 10:43:00,108P14 +2.94 hz
108P14,2025-08-02 13:49:00,108P14 trip
108P14,2025-08-08 07:55:00,108P14 start
108P14,2025-08-08 09:49:00,108P14 NFE
108P14,2025-08-08 14:07:00,108P14 trip
108P15,2025-08-07 03:43:00,108P15 +18.6 hz
118W01,2025-08-03 23:07:00,118W01 trip
118W01,2025-08-04 04:07:00,118W01 start
118W01,2025-08-04 10:55:00,118W01 trip
118W01,2025-08-04 23:43:00,118W01 start
118W01,2025-08-04 23:55:00,118W01 trip
118W01,2025-08-06 00:25:00,118W01 start
118W03,2025-08-03 23:07:00,118W03 trip
118W03,2025-08-04 04:19:00,118W03 start
118W05,2025-08-03 23:07:00,118W05 trip
118W05,2025-08-04 04:07:00,118W05 start
118W05,2025-08-04 21:37:00,118W05 NFE
118W05,2025-08-05 07:19:00,118W05 trip
118W06,2025-08-03 23:07:00,118W06 trip
118W06,2025-08-04 04:25:00,118W06 start
118W07,2025-08-03 23:07:00,118W07 trip
118W07,2025-08-04 04:25:00,118W07 start
118W08,2025-08-03 23:07:00,118W08 trip
118W08,2025-08-04 04:37:00,118W08 start
118W09,2025-07-27 17:43:00,118W09 NFE
118W09,2025-07-28 08:25:00,118W09 trip
118W09,2025-07-28 08:25:00,118W09 +14.22 hz
118W09,2025-07-28 22:01:00,118W09 start
118W09,2025-08-03 23:07:00,118W09 trip
118W09,2025-08-04 04:37:00,118W09 start
118W10,2025-08-03 23:07:00,118W10 trip
118W10,2025-08-04 07:49:00,118W10 start
118W10,2025-08-07 19:19:00,118W10 +2.02 hz
118W11,2025-08-03 23:49:00,118W11 start
118W11,2025-08-03 19:55:00,118W11 NFE
118W11,2025-08-04 00:01:00,118W11 trip
118W11,2025-08-04 03:43:00,118W11 start
118W11,2025-08-04 03:43:00,118W11 NFE
118W11,2025-08-04 10:25:00,118W11 trip
118W12,2025-08-03 23:01:00,118W12 trip
118W12,2025-08-04 03:37:00,118W12 start
118W13,2025-07-30 14:07:00,118W13 +13.02 hz
118W13,2025-08-01 07:01:00,118W13 NFE
118W13,2025-08-03 07:31:00,118W13 +2.02 hz
118W13,2025-08-03 08:07:00,118W13 +2.06 hz
118W13,2025-08-03 23:01:00,118W13 trip
118W13,2025-08-04 02:01:00,118W13 start
118W13,2025-08-03 22:07:00,118W13 NFE
118W13,2025-08-06 04:07:00,118W13 NFE
118W13,2025-08-09 00:25:00,118W13 NFE
118W14,2025-08-03 23:01:00,118W14 trip
118W14,2025-08-04 03:19:00,118W14 start
118W15,2025-08-03 23:01:00,118W15 trip
118W15,2025-08-04 03:31:00,118W15 start
118W16,2025-08-03 23:01:00,118W16 trip
118W16,2025-08-04 02:43:00,118W16 start
118W17,2025-07-27 08:13:00,118W17 +2.43 hz
118W17,2025-07-27 09:07:00,118W17 +2.13 hz
118W17,2025-07-27 13:07:00,118W17 +2.6 hz
118W17,2025-07-27 13:31:00,118W17 +2.32 hz
118W17,2025-07-27 18:55:00,118W17 +2.01 hz
118W17,2025-07-28 00:37:00,118W17 +2.67 hz
118W17,2025-07-28 05:31:00,118W17 +2.88 hz
118W17,2025-07-28 08:13:00,118W17 +2.18 hz
118W17,2025-07-28 10:13:00,118W17 +2.19 hz
118W17,2025-07-28 12:31:00,118W17 +2.31 hz
118W17,2025-07-28 16:49:00,118W17 +2.14 hz
118W17,2025-07-28 20:49:00,118W17 +2.62 hz
118W17,2025-07-28 21:07:00,118W17 +2.01 hz
118W17,2025-07-28 21:25:00,118W17 +2.01 hz
118W17,2025-07-28 22:13:00,118W17 +2.15 hz
118W17,2025-07-29 00:13:00,118W17 +2.4 hz
118W17,2025-07-29 02:31:00,118W17 +2.73 hz
118W17,2025-07-29 03:49:00,118W17 +2.13 hz
118W17,2025-07-29 05:19:00,118W17 +2.34 hz
118W17,2025-07-29 07:13:00,118W17 +2.15 hz
118W17,2025-07-29 09:01:00,118W17 +2.08 hz
118W17,2025-07-29 16:07:00,118W17 +2.06 hz
118W17,2025-07-29 17:19:00,118W17 +2.28 hz
118W17,2025-07-29 17:55:00,118W17 +2.1 hz
118W17,2025-07-29 20:55:00,118W17 +2.29 hz
118W17,2025-07-29 22:19:00,118W17 +2.64 hz
118W17,2025-07-29 22:43:00,118W17 +2.31 hz
118W17,2025-07-30 03:25:00,118W17 +2.06 hz
118W17,2025-07-30 05:01:00,118W17 +2.38 hz
118W17,2025-07-30 05:19:00,118W17 +2.18 hz
118W17,2025-07-30 10:55:00,118W17 +2.99 hz
118W17,2025-07-30 15:55:00,118W17 +2.49 hz
118W17,2025-07-30 18:13:00,118W17 +2.23 hz
118W17,2025-07-30 20:07:00,118W17 +2.07 hz
118W17,2025-07-30 20:19:00,118W17 +2.91 hz
118W17,2025-07-30 21:25:00,118W17 +2.61 hz
118W17,2025-07-31 02:13:00,118W17 +2.16 hz
118W17,2025-07-31 02:37:00,118W17 +2.42 hz
118W17,2025-07-31 02:49:00,118W17 +2.17 hz
118W17,2025-07-31 04:49:00,118W17 +2.4 hz
118W17,2025-07-31 11:19:00,118W17 +3.19 hz
118W17,2025-07-31 13:37:00,118W17 +2.15 hz
118W17,2025-07-31 15:37:00,118W17 +2.01 hz
118W17,2025-07-31 18:07:00,118W17 +2.01 hz
118W17,2025-07-31 21:31:00,118W17 +2.25 hz
118W17,2025-07-31 23:01:00,118W17 +2.2 hz
118W17,2025-07-31 23:55:00,118W17 +2.11 hz
118W17,2025-08-01 00:07:00,118W17 +2.04 hz
118W17,2025-08-01 00:49:00,118W17 +2.52 hz
118W17,2025-08-01 07:55:00,118W17 +2.17 hz
118W17,2025-08-01 09:25:00,118W17 +3.67 hz
118W17,2025-08-01 11:01:00,118W17 +2.2 hz
118W17,2025-08-01 11:43:00,118W17 +2.05 hz
118W17,2025-08-01 16:19:00,118W17 +2.2 hz
118W17,2025-08-01 19:31:00,118W17 +2.05 hz
118W17,2025-08-01 19:55:00,118W17 +2.14 hz
118W17,2025-08-01 23:37:00,118W17 +2.49 hz
118W17,2025-08-02 00:07:00,118W17 +2.3 hz
118W17,2025-08-02 01:01:00,118W17 +2.18 hz
118W17,2025-08-02 07:19:00,118W17 +2.44 hz
118W17,2025-08-02 09:37:00,118W17 +2.37 hz
118W17,2025-08-02 10:07:00,118W17 +3.02 hz
118W17,2025-08-02 10:43:00,118W17 +2.3 hz
118W17,2025-08-02 13:01:00,118W17 +2.57 hz
118W17,2025-08-02 14:55:00,118W17 +2.15 hz
118W17,2025-08-02 16:13:00,118W17 +2.68 hz
118W17,2025-08-02 21:55:00,118W17 +2.3 hz
118W17,2025-08-03 05:01:00,118W17 +2.05 hz
118W17,2025-08-03 10:43:00,118W17 +2.54 hz
118W17,2025-08-03 19:25:00,118W17 +2.42 hz
118W17,2025-08-03 23:01:00,118W17 trip
118W17,2025-08-04 02:31:00,118W17 start
118W17,2025-08-03 22:37:00,118W17 NFE
118W17,2025-08-04 03:43:00,118W17 +2.96 hz
118W17,2025-08-04 03:55:00,118W17 +2.98 hz
118W17,2025-08-04 04:49:00,118W17 +2.24 hz
118W17,2025-08-04 05:19:00,118W17 +2.3 hz
118W17,2025-08-04 05:31:00,118W17 +2.38 hz
118W17,2025-08-04 06:01:00,118W17 +3.4 hz
118W17,2025-08-04 13:49:00,118W17 +2.1 hz
118W17,2025-08-04 15:19:00,118W17 +3.44 hz
118W17,2025-08-04 16:25:00,118W17 +2.58 hz
118W17,2025-08-04 18:07:00,118W17 +2.01 hz
118W17,2025-08-05 00:31:00,118W17 +2.11 hz
118W17,2025-08-05 02:25:00,118W17 +2.51 hz
118W17,2025-08-05 04:19:00,118W17 +2.08 hz
118W17,2025-08-05 05:31:00,118W17 +2.09 hz
118W17,2025-08-05 12:31:00,118W17 +2.6 hz
118W17,2025-08-05 14:01:00,118W17 +2.07 hz
118W17,2025-08-05 16:55:00,118W17 +2.1 hz
118W17,2025-08-05 17:49:00,118W17 +2.13 hz
118W17,2025-08-05 19:01:00,118W17 +2.49 hz
118W17,2025-08-05 19:31:00,118W17 +2.16 hz
118W17,2025-08-05 20:55:00,118W17 +2.89 hz
118W17,2025-08-06 00:01:00,118W17 +2.14 hz
118W17,2025-08-06 02:01:00,118W17 +2.15 hz
118W17,2025-08-06 05:13:00,118W17 +3.02 hz
118W17,2025-08-06 05:31:00,118W17 +2.49 hz
118W17,2025-08-06 06:37:00,118W17 +2.6 hz
118W17,2025-08-06 07:25:00,118W17 +2.14 hz
118W17,2025-08-06 12:31:00,118W17 +2.58 hz
118W17,2025-08-06 16:31:00,118W17 +2.63 hz
118W17,2025-08-06 19:43:00,118W17 +2.0 hz
118W17,2025-08-06 20:37:00,118W17 +2.48 hz
118W17,2025-08-06 21:07:00,118W17 +2.09 hz
118W17,2025-08-06 23:55:00,118W17 +2.17 hz
118W17,2025-08-07 06:49:00,118W17 +2.42 hz
118W17,2025-08-07 08:19:00,118W17 +2.29 hz
118W17,2025-08-07 12:07:00,118W17 +2.17 hz
118W17,2025-08-07 14:13:00,118W17 +2.19 hz
118W17,2025-08-07 19:01:00,118W17 +2.01 hz
118W17,2025-08-07 20:25:00,118W17 +2.21 hz
118W17,2025-08-08 01:13:00,118W17 +2.36 hz
118W17,2025-08-08 03:31:00,118W17 +2.07 hz
118W17,2025-08-08 05:19:00,118W17 +2.34 hz
118W17,2025-08-08 06:55:00,118W17 +2.67 hz
118W17,2025-08-08 09:19:00,118W17 +2.21 hz
118W18,2025-07-28 15:37:00,118W18 NFE
118W18,2025-07-28 22:07:00,118W18 trip
118W18,2025-07-28 23:07:00,118W18 trip
118W18,2025-07-29 01:07:00,118W18 start
118W18,2025-07-28 21:13:00,118W18 NFE
118W18,2025-07-29 01:25:00,118W18 trip
118W18,2025-08-01 22:37:00,118W18 start
118W18,2025-08-02 00:07:00,118W18 trip
118W18,2025-08-02 21:07:00,118W18 start
118W18,2025-08-02 19:43:00,118W18 NFE
118W18,2025-08-03 00:49:00,118W18 +2.16 hz
118W18,2025-08-03 01:07:00,118W18 +2.21 hz
118W18,2025-08-03 01:19:00,118W18 trip
118W18,2025-08-03 01:49:00,118W18 start
118W18,2025-08-03 01:55:00,118W18 trip
118W18,2025-08-03 17:31:00,118W18 start
118W18,2025-08-03 17:43:00,118W18 trip
118W18,2025-08-03 21:07:00,118W18 start
118W18,2025-08-03 21:55:00,118W18 trip
118W18,2025-08-04 02:25:00,118W18 start
118W18,2025-08-04 10:43:00,118W18 trip
118W18,2025-08-07 01:19:00,118W18 start
118W18,2025-08-07 01:25:00,118W18 trip
118W18,2025-08-07 10:19:00,118W18 start
118W19,2025-07-29 20:13:00,118W19 +2.11 hz
118W19,2025-07-30 14:49:00,118W19 +2.19 hz
118W19,2025-07-31 19:37:00,118W19 +2.0 hz
118W19,2025-08-01 21:31:00,118W19 +2.14 hz
118W19,2025-08-03 15:01:00,118W19 +2.18 hz
118W19,2025-08-03 23:01:00,118W19 trip
118W19,2025-08-04 02:25:00,118W19 start
118W19,2025-08-09 09:55:00,118W19 +2.07 hz
123W01,2025-08-03 23:01:00,123W01 trip
123W01,2025-08-04 00:49:00,123W01 start
123W01,2025-08-04 00:55:00,123W01 trip
123W01,2025-08-04 07:13:00,123W01 start
123W02,2025-08-03 23:01:00,123W02 trip
123W02,2025-08-04 00:55:00,123W02 start
123W03,2025-08-03 23:01:00,123W03 trip
123W03,2025-08-04 00:55:00,123W03 start
123W03,2025-08-03 21:01:00,123W03 NFE
123W03,2025-08-04 09:43:00,123W03 trip
123W03,2025-08-05 20:37:00,123W03 start
123W04,2025-08-03 23:01:00,123W04 trip
123W04,2025-08-04 02:37:00,123W04 start
123W05,2025-08-03 23:01:00,123W05 trip
123W05,2025-08-04 12:25:00,123W05 start
123W05,2025-08-04 08:31:00,123W05 NFE
123W06,2025-08-03 23:01:00,123W06 trip
123W06,2025-08-04 01:31:00,123W06 start
123W07,2025-08-03 23:01:00,123W07 trip
123W07,2025-08-04 12:55:00,123W07 start
123W07,2025-08-04 13:13:00,123W07 trip
123W07,2025-08-04 13:25:00,123W07 start
123W07,2025-08-04 13:31:00,123W07 start
123W07,2025-08-04 13:43:00,123W07 NFE
123W07,2025-08-04 17:49:00,123W07 trip
123W07,2025-08-06 02:43:00,123W07 start
123W07,2025-08-07 01:25:00,123W07 NFE
123W07,2025-08-07 08:49:00,123W07 +18.48 hz
123W07,2025-08-07 10:25:00,123W07 trip
123W07,2025-08-07 12:37:00,123W07 start
123W07,2025-08-07 08:43:00,123W07 NFE
123W07,2025-08-07 14:01:00,123W07 trip
123W07,2025-08-07 15:43:00,123W07 start
123W07,2025-08-08 19:25:00,123W07 NFE
123W07,2025-08-09 01:19:00,123W07 trip
123W07,2025-08-09 01:37:00,123W07 start
123W07,2025-08-08 21:43:00,123W07 NFE
123W07,2025-08-09 02:31:00,123W07 +15.0 hz
123W07,2025-08-09 08:07:00,123W07 trip
123W07,2025-08-09 10:25:00,123W07 start
123W07,2025-08-09 10:31:00,123W07 start
123W08,2025-08-03 23:01:00,123W08 trip
123W08,2025-08-04 02:25:00,123W08 start
123W08,2025-08-03 22:31:00,123W08 NFE
123W08,2025-08-04 17:49:00,123W08 trip
123W08,2025-08-04 17:55:00,123W08 start
123W09,2025-08-03 18:43:00,123W09 trip
123W09,2025-08-04 01:55:00,123W09 start
123W09,2025-08-03 22:01:00,123W09 NFE
123W09,2025-08-04 06:49:00,123W09 trip
123W09,2025-08-04 13:49:00,123W09 start
123W09,2025-08-04 09:55:00,123W09 NFE
123W09,2025-08-06 01:01:00,123W09 trip
123W09,2025-08-06 06:49:00,123W09 start
123W09,2025-08-07 04:25:00,123W09 NFE
123W09,2025-08-07 08:49:00,123W09 +14.0 hz
123W09,2025-08-07 18:13:00,123W09 trip
123W09,2025-08-07 19:49:00,123W09 start
123W09,2025-08-08 04:01:00,123W09 trip
123W09,2025-08-08 09:37:00,123W09 start
123W09,2025-08-08 07:43:00,123W09 NFE
110W01,2025-07-31 07:55:00,110W01 NFE
110W01,2025-08-02 10:49:00,110W01 trip
110W01,2025-08-02 23:07:00,110W01 start
110W01,2025-08-02 23:13:00,110W01 start
110W01,2025-08-03 00:49:00,110W01 +2.56 hz
110W01,2025-08-03 20:07:00,110W01 NFE
110W01,2025-08-04 01:31:00,110W01 start
110W02,2025-08-03 20:07:00,110W02 NFE
110W02,2025-08-04 02:13:00,110W02 start
110W02,2025-08-03 22:19:00,110W02 NFE
110W03,2025-08-03 20:07:00,110W03 NFE
110W03,2025-08-04 02:07:00,110W03 start
110W03,2025-08-04 02:13:00,110W03 start
110W04,2025-07-27 11:01:00,110W04 NFE
110W04,2025-07-27 15:19:00,110W04 trip
110W04,2025-07-27 15:37:00,110W04 start
110W04,2025-07-27 16:31:00,110W04 +20.42 hz
110W04,2025-07-27 15:37:00,110W04 NFE
110W04,2025-07-27 23:37:00,110W04 trip
110W04,2025-07-27 23:37:00,110W04 +21.4 hz
110W04,2025-07-28 08:07:00,110W04 start
110W04,2025-07-28 08:13:00,110W04 start
110W04,2025-08-03 21:19:00,110W04 NFE
110W04,2025-08-04 02:07:00,110W04 start
110W04,2025-08-04 17:55:00,110W04 NFE
110W04,2025-08-04 23:19:00,110W04 trip
110W04,2025-08-05 14:25:00,110W04 start
110W05,2025-07-28 10:37:00,110W05 start
110W05,2025-07-28 13:55:00,110W05 trip
110W06,2025-08-03 20:37:00,110W06 NFE
110W06,2025-08-04 02:01:00,110W06 start
110W06,2025-08-03 22:07:00,110W06 NFE
110W06,2025-08-04 03:43:00,110W06 trip
110W06,2025-08-04 16:25:00,110W06 start
110W06,2025-08-04 16:31:00,110W06 start
110W06,2025-08-04 17:55:00,110W06 trip
110W06,2025-08-04 18:01:00,110W06 trip
110W06,2025-08-05 11:43:00,110W06 start
110W06,2025-08-05 14:07:00,110W06 trip
110W06,2025-08-05 21:07:00,110W06 start
110W06,2025-08-05 17:13:00,110W06 NFE
110W06,2025-08-05 23:01:00,110W06 trip
110W06,2025-08-05 23:07:00,110W06 trip
110W06,2025-08-09 20:07:00,110W06 start
110W08,2025-08-01 04:31:00,110W08 +2.18 hz
110W08,2025-08-01 04:55:00,110W08 +2.22 hz
110W08,2025-08-01 05:13:00,110W08 +4.04 hz
110W08,2025-08-01 05:49:00,110W08 +2.5 hz
110W08,2025-08-01 06:01:00,110W08 +2.15 hz
110W08,2025-08-01 13:43:00,110W08 trip
110W08,2025-08-02 02:31:00,110W08 start
110W08,2025-08-03 00:07:00,110W08 +2.89 hz
110W08,2025-08-04 01:55:00,110W08 start
110W08,2025-08-04 13:19:00,110W08 trip
110W08,2025-08-04 13:25:00,110W08 trip
110W08,2025-08-04 16:31:00,110W08 start
110W09,2025-08-02 03:31:00,110W09 +2.81 hz
110W09,2025-08-03 03:01:00,110W09 +2.78 hz
110W09,2025-08-03 20:07:00,110W09 NFE
110W09,2025-08-04 01:31:00,110W09 start
110W09,2025-08-03 21:37:00,110W09 NFE
110W12,2025-08-01 09:37:00,110W12 start
110W12,2025-08-03 23:01:00,110W12 trip
110W12,2025-08-04 01:37:00,110W12 start
110W13,2025-08-03 23:01:00,110W13 trip
110W13,2025-08-04 01:37:00,110W13 start
110W13,2025-08-04 01:43:00,110W13 start
110W14,2025-08-03 23:01:00,110W14 trip
110W14,2025-08-04 01:43:00,110W14 start
110W14,2025-08-04 01:43:00,110W14 NFE
110W14,2025-08-04 09:37:00,110W14 trip
110W14,2025-08-04 10:13:00,110W14 trip
110W14,2025-08-04 10:19:00,110W14 trip
110W14,2025-08-04 11:31:00,110W14 start
110W15,2025-08-03 23:01:00,110W15 trip
110W15,2025-08-04 01:43:00,110W15 start
114P01,2025-08-04 00:01:00,114P01 trip
114P01,2025-08-04 07:37:00,114P01 start
114P01,2025-08-04 11:01:00,114P01 trip
114P01,2025-08-04 11:25:00,114P01 trip
114P01,2025-08-04 13:07:00,114P01 start
114P01,2025-08-04 18:37:00,114P01 +4.8 hz
114P02,2025-08-01 05:13:00,114P02 +3.09 hz
114P02,2025-08-02 03:13:00,114P02 +2.99 hz
114P02,2025-08-03 03:01:00,114P02 +3.09 hz
114P02,2025-08-03 21:07:00,114P02 NFE
114P02,2025-08-04 11:25:00,114P02 trip
114P02,2025-08-04 19:13:00,114P02 start
114P02,2025-08-07 05:19:00,114P02 +2.99 hz
114P03,2025-08-03 23:01:00,114P03 trip
114P03,2025-08-04 21:37:00,114P03 start
114P04,2025-08-04 00:01:00,114P04 trip
114P04,2025-08-04 03:31:00,114P04 start
114P04,2025-08-06 05:07:00,114P04 +2.73 hz
114P05,2025-08-03 22:13:00,114P05 NFE
114P07,2025-07-28 19:37:00,114P07 +1.98 hz
114P07,2025-07-28 20:13:00,114P07 +2.1 hz
114P07,2025-08-01 04:25:00,114P07 +2.02 hz
114P07,2025-08-01 04:49:00,114P07 +2.05 hz
114P07,2025-08-01 05:13:00,114P07 +2.01 hz
114P07,2025-08-02 00:37:00,114P07 +2.57 hz
114P07,2025-08-02 17:37:00,114P07 trip
114P07,2025-08-03 00:43:00,114P07 +2.09 hz
114P07,2025-08-03 04:49:00,114P07 +2.37 hz
114P07,2025-08-03 13:01:00,114P07 start
114P07,2025-08-03 13:13:00,114P07 trip
114P07,2025-08-03 19:31:00,114P07 start
114P07,2025-08-03 19:37:00,114P07 trip
114P07,2025-08-03 19:43:00,114P07 start
114P07,2025-08-03 20:55:00,114P07 trip
114P07,2025-08-03 21:25:00,114P07 start
114P07,2025-08-03 21:49:00,114P07 trip
114P07,2025-08-03 22:19:00,114P07 start
114P07,2025-08-03 22:31:00,114P07 trip
114P07,2025-08-04 03:31:00,114P07 start
114P08,2025-08-03 20:55:00,114P08 NFE
114P08,2025-08-04 11:25:00,114P08 trip
114P08,2025-08-04 11:55:00,114P08 trip
114P08,2025-08-04 18:13:00,114P08 start
114P09,2025-08-03 21:37:00,114P09 NFE
114P09,2025-08-04 11:01:00,114P09 trip
114P09,2025-08-04 11:01:00,114P09 +4.01 hz
114P09,2025-08-04 19:43:00,114P09 start
114P10,2025-08-03 20:49:00,114P10 NFE
114P10,2025-08-04 10:55:00,114P10 trip
114P10,2025-08-04 10:55:00,114P10 +2.99 hz
114P10,2025-08-04 21:01:00,114P10 start
114P11,2025-08-03 23:37:00,114P11 NFE
114P11,2025-08-05 12:19:00,114P11 +2.94 hz
114P11,2025-08-05 12:31:00,114P11 +3.25 hz
114P11,2025-08-05 12:55:00,114P11 +2.03 hz
114P11,2025-08-05 13:25:00,114P11 +2.31 hz
114P11,2025-08-06 03:43:00,114P11 +2.27 hz
114P11,2025-08-07 01:43:00,114P11 +2.2 hz
114P11,2025-08-08 03:43:00,114P11 +2.12 hz
114P11,2025-08-08 13:43:00,114P11 +2.36 hz
114P12,2025-08-04 03:37:00,114P12 trip
114P12,2025-08-04 11:01:00,114P12 start
114P13,2025-08-03 21:37:00,114P13 NFE
114P14,2025-08-03 21:13:00,114P14 NFE
114P14,2025-08-04 18:19:00,114P14 +3.46 hz
114P15,2025-08-01 04:31:00,114P15 +2.09 hz
114P15,2025-08-01 05:13:00,114P15 +2.09 hz
114P15,2025-08-02 02:25:00,114P15 +3.24 hz
114P15,2025-08-04 02:01:00,114P15 trip
114P15,2025-08-04 03:25:00,114P15 start
114P15,2025-08-04 03:31:00,114P15 start
114P15,2025-08-04 18:25:00,114P15 +3.63 hz
114P15,2025-08-05 04:31:00,114P15 NFE
114P15,2025-08-05 14:31:00,114P15 trip
114P15,2025-08-05 21:01:00,114P15 start
15WP01,2025-08-03 23:19:00,15WP01 trip
15WP01,2025-08-04 01:25:00,15WP01 start
15WP02,2025-07-27 16:13:00,15WP02 start
15WP02,2025-07-27 16:25:00,15WP02 trip
15WP02,2025-07-31 21:07:00,15WP02 start
15WP02,2025-07-31 21:31:00,15WP02 trip
15WP02,2025-07-31 21:49:00,15WP02 start
15WP02,2025-07-31 22:01:00,15WP02 trip
15WP02,2025-07-31 22:01:00,15WP02 +16.73 hz
15WP02,2025-08-02 08:43:00,15WP02 +14.16 hz
15WP02,2025-08-09 16:37:00,15WP02 start
15WP02,2025-08-09 16:49:00,15WP02 trip
15WP02,2025-08-09 17:01:00,15WP02 start
15WP03,2025-08-04 00:25:00,15WP03 trip
15WP03,2025-08-04 04:49:00,15WP03 start
15WP04,2025-08-03 23:19:00,15WP04 trip
15WP04,2025-08-04 04:49:00,15WP04 start
15WP04,2025-08-04 05:37:00,15WP04 NFE
15WP04,2025-08-04 12:19:00,15WP04 trip
15WP04,2025-08-04 19:49:00,15WP04 start
15WP04,2025-08-04 20:49:00,15WP04 NFE
15WP04,2025-08-05 01:37:00,15WP04 trip
15WP04,2025-08-05 14:31:00,15WP04 start
15WP04,2025-08-06 16:31:00,15WP04 +2.0 hz
15WP04,2025-08-06 18:37:00,15WP04 +2.05 hz
15WP04,2025-08-06 19:07:00,15WP04 +2.1 hz
15WP05,2025-08-04 00:25:00,15WP05 trip
15WP05,2025-08-04 04:49:00,15WP05 start
15WP06,2025-08-04 00:25:00,15WP06 trip
15WP06,2025-08-04 02:07:00,15WP06 start
15WP07,2025-08-03 23:37:00,15WP07 trip
15WP07,2025-08-04 11:01:00,15WP07 start
15WP08,2025-07-29 16:43:00,15WP08 trip
15WP08,2025-07-31 11:49:00,15WP08 +2.45 hz
15WP08,2025-07-31 16:25:00,15WP08 +2.45 hz
15WP08,2025-08-02 00:19:00,15WP08 start
15WP08,2025-08-03 21:19:00,15WP08 NFE
15WP08,2025-08-04 04:49:00,15WP08 trip
15WP08,2025-08-04 11:01:00,15WP08 start
15WP08,2025-08-04 19:37:00,15WP08 NFE
15WP08,2025-08-04 23:49:00,15WP08 trip
15WP08,2025-08-05 12:43:00,15WP08 start
15WP08,2025-08-06 06:19:00,15WP08 trip
15WP08,2025-08-09 13:31:00,15WP08 start
16WP01,2025-08-03 23:19:00,16WP01 trip
16WP01,2025-08-03 23:25:00,16WP01 trip
16WP01,2025-08-04 11:19:00,16WP01 start
16WP01,2025-08-04 18:25:00,16WP01 trip
16WP01,2025-08-04 22:13:00,16WP01 start
16WP01,2025-08-04 18:31:00,16WP01 NFE
16WP03,2025-07-28 09:07:00,16WP03 start
16WP03,2025-07-28 09:49:00,16WP03 NFE
16WP03,2025-07-28 13:55:00,16WP03 trip
16WP03,2025-08-07 01:19:00,16WP03 start
16WP05,2025-08-04 15:43:00,16WP05 NFE
16WP05,2025-08-05 21:31:00,16WP05 start
16WP05,2025-08-05 23:19:00,16WP05 NFE
16WP05,2025-08-06 12:07:00,16WP05 +15.07 hz
16WP05,2025-08-06 16:01:00,16WP05 +2.01 hz
16WP05,2025-08-06 16:19:00,16WP05 +2.01 hz
16WP05,2025-08-06 16:43:00,16WP05 +2.0 hz
16WP05,2025-08-07 07:37:00,16WP05 trip
16WP06,2025-08-03 23:19:00,16WP06 trip
16WP06,2025-08-04 05:13:00,16WP06 start
16WP07,2025-08-03 23:19:00,16WP07 trip
16WP07,2025-08-04 05:19:00,16WP07 start
16WP07,2025-08-05 05:07:00,16WP07 trip
16WP07,2025-08-05 10:25:00,16WP07 start
16WP07,2025-08-05 06:31:00,16WP07 NFE
16WP07,2025-08-07 16:31:00,16WP07 NFE
16WP07,2025-08-07 20:37:00,16WP07 trip
16WP07,2025-08-07 20:43:00,16WP07 trip
16WP07,2025-08-07 20:55:00,16WP07 start
16WP07,2025-08-08 00:55:00,16WP07 NFE
16WP07,2025-08-08 05:25:00,16WP07 trip
16WP07,2025-08-08 08:25:00,16WP07 start
16WP08,2025-07-28 09:19:00,16WP08 start
16WP08,2025-07-28 09:37:00,16WP08 trip
16WP09,2025-08-03 23:19:00,16WP09 trip
16WP09,2025-08-04 05:19:00,16WP09 start
16WP09,2025-08-04 05:25:00,16WP09 start
16WP09,2025-08-07 03:13:00,16WP09 +2.1 hz
16WP09,2025-08-07 03:25:00,16WP09 +2.11 hz
16WP09,2025-08-07 03:55:00,16WP09 +2.89 hz
16WP09,2025-08-07 04:43:00,16WP09 +2.68 hz
16WP09,2025-08-07 05:07:00,16WP09 +2.16 hz
16WP10,2025-08-04 00:19:00,16WP10 +16.96 hz
16WP10,2025-08-05 06:07:00,16WP10 trip
16WP10,2025-08-05 10:07:00,16WP10 start
16WP10,2025-08-05 06:13:00,16WP10 NFE
16WP10,2025-08-06 17:37:00,16WP10 +2.23 hz
16WP10,2025-08-06 19:25:00,16WP10 +1.96 hz
16WP11,2025-08-03 23:19:00,16WP11 trip
16WP11,2025-08-03 23:31:00,16WP11 start
16WP11,2025-08-04 00:25:00,16WP11 +2.31 hz
16WP12,2025-08-03 23:19:00,16WP12 trip
16WP12,2025-08-03 23:25:00,16WP12 start
16WP12,2025-08-03 23:31:00,16WP12 trip
16WP12,2025-08-04 16:37:00,16WP12 start
16WP13,2025-08-02 22:01:00,16WP13 NFE
16WP13,2025-08-03 03:55:00,16WP13 +11.97 hz
16WP13,2025-08-03 23:19:00,16WP13 trip
16WP13,2025-08-03 23:25:00,16WP13 start
16WP13,2025-08-03 23:31:00,16WP13 start
16WP13,2025-08-05 01:13:00,16WP13 NFE
16WP13,2025-08-05 06:37:00,16WP13 trip
16WP13,2025-08-05 09:31:00,16WP13 start
16WP14,2025-08-03 23:19:00,16WP14 trip
16WP14,2025-08-03 23:31:00,16WP14 trip
16WP14,2025-08-03 23:37:00,16WP14 start
16WP15,2025-08-03 20:07:00,16WP15 NFE
16WP15,2025-08-04 00:19:00,16WP15 +16.96 hz
16WP15,2025-08-05 06:07:00,16WP15 trip
16WP15,2025-08-05 10:07:00,16WP15 start
16WP15,2025-08-06 17:37:00,16WP15 +2.23 hz
16WP15,2025-08-06 19:25:00,16WP15 +1.96 hz
16WP16,2025-08-03 23:19:00,16WP16 trip
16WP16,2025-08-03 23:31:00,16WP16 start
16WP16,2025-08-03 19:49:00,16WP16 NFE
16WP16,2025-08-04 00:25:00,16WP16 +2.31 hz
16WP17,2025-08-03 23:19:00,16WP17 trip
16WP17,2025-08-03 23:25:00,16WP17 start
16WP17,2025-08-03 23:31:00,16WP17 trip
16WP17,2025-08-04 16:37:00,16WP17 start
16WP18,2025-08-02 22:19:00,16WP18 NFE
16WP18,2025-08-03 03:55:00,16WP18 +11.97 hz
16WP18,2025-08-03 23:19:00,16WP18 trip
16WP18,2025-08-03 23:25:00,16WP18 start
16WP18,2025-08-03 23:31:00,16WP18 start
16WP18,2025-08-03 20:13:00,16WP18 NFE
16WP18,2025-08-05 06:37:00,16WP18 trip
16WP18,2025-08-05 09:31:00,16WP18 start
16WP19,2025-07-29 18:55:00,16WP19 NFE
16WP19,2025-08-03 23:19:00,16WP19 trip
16WP19,2025-08-03 23:31:00,16WP19 trip
16WP19,2025-08-03 23:37:00,16WP19 start
117W01,2025-08-03 23:13:00,117W01 trip
117W01,2025-08-04 00:01:00,117W01 start
117W02,2025-08-03 23:13:00,117W02 trip
117W02,2025-08-04 00:01:00,117W02 start
117W03,2025-08-03 23:13:00,117W03 trip
117W03,2025-08-04 00:07:00,117W03 start
117W03,2025-08-04 00:19:00,117W03 trip
117W03,2025-08-04 04:37:00,117W03 start
117W04,2025-08-04 00:07:00,117W04 start
117W04,2025-08-04 04:07:00,117W04 trip
117W05,2025-07-31 16:25:00,117W05 NFE
117W05,2025-08-01 04:01:00,117W05 +2.51 hz
117W05,2025-08-01 09:55:00,117W05 +14.66 hz
117W05,2025-08-02 00:31:00,117W05 +3.98 hz
117W05,2025-08-02 05:37:00,117W05 +18.95 hz
117W05,2025-08-03 23:13:00,117W05 trip
117W05,2025-08-04 00:07:00,117W05 start
117W05,2025-08-04 16:37:00,117W05 NFE
117W05,2025-08-04 21:49:00,117W05 trip
117W05,2025-08-05 14:37:00,117W05 start
117W07,2025-08-03 23:13:00,117W07 trip
117W07,2025-08-04 01:01:00,117W07 start
117W08,2025-08-03 23:13:00,117W08 trip
117W08,2025-08-04 04:37:00,117W08 start
117W09,2025-08-03 23:13:00,117W09 trip
117W09,2025-08-04 01:01:00,117W09 start
117W10,2025-08-03 23:13:00,117W10 trip
117W10,2025-08-04 01:01:00,117W10 start
117W10,2025-08-03 21:07:00,117W10 NFE
117W11,2025-08-03 23:13:00,117W11 trip
117W11,2025-08-04 04:31:00,117W11 start
117W11,2025-08-04 06:37:00,117W11 +6.08 hz
117W11,2025-08-04 10:19:00,117W11 +5.67 hz
117W12,2025-08-03 23:13:00,117W12 trip
117W12,2025-08-04 04:31:00,117W12 start
117W12,2025-08-06 19:19:00,117W12 +2.16 hz
117W13,2025-08-03 23:13:00,117W13 trip
117W13,2025-08-04 04:31:00,117W13 start
117W14,2025-07-31 16:49:00,117W14 NFE
117W14,2025-08-01 03:19:00,117W14 +2.0 hz
117W14,2025-08-01 03:31:00,117W14 +2.01 hz
117W14,2025-08-01 03:43:00,117W14 +2.0 hz
117W14,2025-08-01 03:55:00,117W14 +2.0 hz
117W14,2025-08-01 09:07:00,117W14 trip
117W14,2025-08-02 01:13:00,117W14 start
117W14,2025-08-02 02:31:00,117W14 +2.03 hz
117W14,2025-08-03 23:13:00,117W14 trip
117W14,2025-08-04 04:25:00,117W14 start
117W14,2025-08-04 16:37:00,117W14 NFE
117W14,2025-08-05 09:43:00,117W14 +19.02 hz
117W14,2025-08-06 12:01:00,117W14 +19.98 hz
121W01,2025-08-03 23:07:00,121W01 trip
121W01,2025-08-04 00:07:00,121W01 start
121W01,2025-08-04 01:31:00,121W01 +5.32 hz
121W01,2025-08-04 03:01:00,121W01 +3.78 hz
121W01,2025-08-04 05:43:00,121W01 +8.65 hz
121W02,2025-07-28 16:13:00,121W02 +2.1 hz
121W02,2025-07-28 16:43:00,121W02 +2.06 hz
121W02,2025-08-01 02:31:00,121W02 +2.0 hz
121W02,2025-08-01 02:49:00,121W02 +2.0 hz
121W02,2025-08-01 03:13:00,121W02 +2.06 hz
121W02,2025-08-02 01:55:00,121W02 +2.04 hz
121W02,2025-08-02 02:13:00,121W02 +2.04 hz
121W02,2025-08-02 02:25:00,121W02 +2.06 hz
121W02,2025-08-03 23:01:00,121W02 trip
121W02,2025-08-04 07:19:00,121W02 start
121W03,2025-08-03 23:07:00,121W03 trip
121W03,2025-08-04 22:25:00,121W03 start
121W03,2025-08-04 22:43:00,121W03 NFE
121W03,2025-08-05 09:01:00,121W03 trip
121W03,2025-08-05 10:19:00,121W03 +24.06 hz
121W04,2025-08-03 23:01:00,121W04 trip
121W04,2025-08-04 22:19:00,121W04 start
121W05,2025-08-03 23:01:00,121W05 trip
121W05,2025-08-04 07:19:00,121W05 start
121W05,2025-08-04 14:07:00,121W05 trip
121W05,2025-08-04 14:37:00,121W05 trip
121W05,2025-08-05 03:01:00,121W05 start
121W05,2025-08-05 03:07:00,121W05 start
121W06,2025-08-01 05:07:00,121W06 +3.1 hz
121W06,2025-08-02 02:19:00,121W06 +3.04 hz
121W06,2025-08-03 01:25:00,121W06 +3.1 hz
121W06,2025-08-03 23:01:00,121W06 trip
121W06,2025-08-04 16:25:00,121W06 start
121W07,2025-08-03 23:01:00,121W07 trip
121W07,2025-08-04 07:37:00,121W07 start
121W08,2025-08-03 23:07:00,121W08 trip
121W08,2025-08-04 02:19:00,121W08 start
121W08,2025-08-03 22:25:00,121W08 NFE
121W08,2025-08-04 05:07:00,121W08 +3.88 hz
121W09,2025-08-03 23:07:00,121W09 trip
121W09,2025-08-04 02:19:00,121W09 start
121W09,2025-08-04 05:43:00,121W09 +8.18 hz
121W09,2025-08-04 18:01:00,121W09 +2.41 hz
121W09,2025-08-04 18:19:00,121W09 +2.68 hz
121W09,2025-08-04 18:37:00,121W09 +2.08 hz
121W10,2025-08-03 23:07:00,121W10 trip
121W10,2025-08-04 02:13:00,121W10 start
121W10,2025-08-04 18:19:00,121W10 +3.26 hz
121W14,2025-08-03 19:31:00,121W14 NFE
121W14,2025-08-04 15:55:00,121W14 start
121W15,2025-08-03 19:37:00,121W15 NFE
121W15,2025-08-04 01:43:00,121W15 start
121W15,2025-08-04 01:49:00,121W15 start
121W15,2025-08-04 03:01:00,121W15 +6.1 hz
121W15,2025-08-04 01:55:00,121W15 NFE
121W15,2025-08-04 06:13:00,121W15 +14.22 hz
121W15,2025-08-04 12:25:00,121W15 trip
121W15,2025-08-04 13:01:00,121W15 trip
121W15,2025-08-04 13:43:00,121W15 start
121W16,2025-08-03 19:55:00,121W16 NFE
121W16,2025-08-04 07:25:00,121W16 start
121W17,2025-08-03 23:07:00,121W17 trip
121W17,2025-08-04 02:25:00,121W17 start
121W17,2025-08-03 22:31:00,121W17 NFE
121W17,2025-08-09 16:31:00,121W17 NFE
121W17,2025-08-09 22:25:00,121W17 trip
121W18,2025-08-03 23:07:00,121W18 trip
121W18,2025-08-04 01:43:00,121W18 start
121W18,2025-08-03 21:49:00,121W18 NFE
121W18,2025-08-04 06:07:00,121W18 +7.67 hz
121W18,2025-08-04 12:25:00,121W18 trip
121W18,2025-08-04 13:49:00,121W18 +21.8 hz
121W18,2025-08-05 09:01:00,121W18 trip
121W18,2025-08-05 10:19:00,121W18 +21.85 hz
121W18,2025-08-05 11:55:00,121W18 trip
121W18,2025-08-05 19:43:00,121W18 start
121W19,2025-08-03 19:31:00,121W19 NFE
121W19,2025-08-04 11:07:00,121W19 start
121W20,2025-08-03 23:07:00,121W20 trip
121W20,2025-08-04 01:37:00,121W20 start
121W20,2025-08-04 03:01:00,121W20 +6.72 hz
121W20,2025-08-04 06:13:00,121W20 +14.65 hz
